{
    "d": 2,
    "choi_matr_re": [
        [
            0.5000000000000001,
            -0.25,
            0.24999999999999994,
            0.5000000000000001
        ],
        [
            -0.25,
            0.4999999999999999,
            0.0,
            -0.25
        ],
        [
            0.24999999999999994,
            0.0,
            0.4999999999999998,
            0.24999999999999994
        ],
        [
            0.5000000000000001,
            -0.25,
            0.24999999999999994,
            0.5000000000000001
        ]
    ],
    "choi_matr_im": [
        [
            0.0,
            0.25,
            0.24999999999999994,
            0.0
        ],
        [
            -0.25,
            0.0,
            0.0,
            -0.25
        ],
        [
            -0.24999999999999994,
            0.0,
            0.0,
            -0.24999999999999994
        ],
        [
            0.0,
            0.25,
            0.24999999999999994,
            0.0
        ]
    ],
    "unitary_time": 0.7853981634,
    "unitary_gen_re":  [[0,1],[1,0]],
    "unitary_gen_im":  [[0,0],[0,0]]
 }
